f1,f2,f3,f4,f5,label
1.286232642,15.6437428,-1.879915318,-11.29483935,15.24547175,0
2.853398477,0.129878077,17.62066902,3.945204379,8.157458838,1
3.285310082,3.176560385,12.61055422,-6.063612618,1.831886783,0
2.01951558,-1.967792625,9.306435477,-0.938713545,-1.203037689,0
-2.326527216,3.45323401,13.85547801,-5.236421344,1.547215519,0
-6.409691803,3.302296776,9.066442653,-3.150403113,2.962235965,0
-12.3325732,-15.04565499,-2.332938113,0.614562999,9.719726474,1
0.09921788,-13.62474028,2.663297667,1.529544789,9.706726956,1
8.361613385,-5.174579868,-0.964535783,7.143101322,9.4649514,1
-5.441999858,-4.613042576,-0.588253242,3.727104298,4.889594018,1
2.051807808,-0.837613734,15.77565419,-0.146112311,-2.089536662,0
-3.279123488,-9.204185253,-0.91035478,5.035453489,4.823060314,1
-3.873437204,4.042212596,4.305696602,11.62380644,8.822572739,1
2.473346946,2.491926984,2.104637768,12.75976758,2.401705185,1
7.945066025,10.243126,-1.077853633,-11.72859428,11.02708032,0
2.974486955,-9.421984788,17.72380121,-1.146112745,2.408675657,1
-1.494895757,-5.102751542,5.912391946,6.074303856,5.455614041,1
6.885726398,10.38373273,9.731451798,-3.529461024,7.449338389,0
3.739597074,-9.43602992,9.123210083,0.240744739,3.095409742,1
8.866719976,5.183637658,5.218258775,-2.976425139,5.33533025,0
-0.654032571,13.38652853,-3.300504789,-6.43563383,13.66594976,0
-0.389782469,1.922489912,11.05385223,-2.390312246,1.032799402,0
4.66273396,5.612292964,9.639820023,-2.83778224,4.20863719,0
-7.402513401,-13.74030815,-0.101440655,1.604974879,8.498483724,1
3.162574762,-6.503717475,6.807307593,2.248699075,4.926350593,1
-9.051471468,-10.36800458,6.68052631,-5.417098738,7.602116322,1
9.825782784,0.657792942,8.216948153,-4.78454886,1.030554075,0
-1.590159371,-11.82637532,-2.448770252,1.3569326,6.959648889,1
-6.826344958,-7.16227643,-1.01369609,5.134680772,4.780000589,1
3.204855175,0.714971703,10.35557441,8.166705155,6.563909212,1
3.296824984,0.440040463,10.26924319,4.384391804,3.993285844,1
-4.894188164,6.144470196,4.447808589,13.47966574,0.860875738,1
-1.592144029,-14.51679353,5.581581596,-1.206719978,10.49477754,1
-10.68591904,5.38378541,8.70017508,-2.060002679,4.496910478,0
8.133851806,-9.224521236,-0.989045835,4.33905315,3.918490775,1
-7.568250562,5.220199084,-4.239476182,-2.052820653,8.440098508,0
0.225229967,-7.970453563,6.841113593,-0.455234859,8.713948449,1
-6.920064615,5.924476677,5.123163805,-3.471853034,5.97000544,0
1.093103838,-4.153380961,16.96059004,1.808798439,1.766420119,1
-5.838648393,10.76570023,3.610599667,-5.692213416,9.862453625,0
-10.2357805,-9.332702042,4.862426406,1.906147398,5.152865196,1
0.041863775,0.005638438,13.60152918,6.558254125,2.99524778,1
7.439858398,-15.56288668,10.531877,-1.873406452,1.019505518,0
-7.420641755,0.223163747,10.2316856,-6.968739294,0.367350923,0
-6.079929681,4.443160839,5.736218192,-3.720950541,4.488859807,0
-2.001706737,7.86284076,3.089102004,-5.317295009,7.880853212,0
2.357602547,12.18865153,10.41374951,16.32193821,2.604958862,1
0.117262046,-6.890489265,-2.098732106,7.705319823,5.461518809,1
6.606240779,-0.50476764,6.381295965,8.88328487,4.569100687,1
3.732984231,-11.91052689,3.252092218,-2.064784379,3.73904957,1
-6.764595244,-16.11160901,7.369992185,-2.877233531,3.181820048,1
0.987914794,12.83286003,-5.419542987,-7.49364277,13.97854892,0
1.370833645,-8.048614507,1.939990876,5.154368412,-0.451947203,1
5.502704361,5.628450834,11.04001708,9.922092224,5.606704439,1
-7.098379638,3.056237261,6.831088337,-0.943454654,3.133665883,0
-8.029211539,-5.200510916,10.26501692,3.792881409,2.309359026,1
5.111690889,-7.644351601,-1.310895727,10.30658174,5.569747824,1
6.825181332,1.596990324,9.929461861,-3.343215152,1.372096052,0
1.870041945,5.69553907,5.111101616,0.906770493,5.717643332,0
-3.159593385,5.803396543,13.1896244,-4.617248864,3.396203346,0
1.787381185,1.428218483,8.914310906,-4.271621524,1.7172547,0
4.610879388,-1.233260116,14.00724952,2.005362113,-2.063339358,0
1.684246924,-1.031186101,11.71344864,-8.769569547,-0.778974084,0
-8.358687248,-3.616102601,4.151847863,10.85994174,0.117989522,1
0.023450414,8.292121425,6.468032551,-0.314944661,7.037849045,0
-1.486129867,-10.49714899,4.907511158,2.458637859,4.393201225,1
9.119039702,-2.043918894,13.77782477,2.517553099,7.208391613,1
0.350133222,10.47048851,-2.361498817,-6.327303753,11.39458585,0
-0.164925336,7.699671119,-0.919535465,-3.665441635,9.020584052,0
3.004102264,0.172150781,8.272005118,-2.552681423,0.851913845,0
4.403248534,3.720896666,-2.280012438,-5.997897335,6.617113199,0
9.955499042,5.479507717,3.175020814,-7.936652208,6.402886274,0
4.489883429,4.364551378,3.242458199,-4.74941507,5.103656526,0
8.341556312,-3.23781629,5.989448531,7.558964508,3.122837124,1
7.571645929,-5.643844291,4.105823065,3.330295721,7.05997164,1
1.703869357,2.498841266,0.544686841,-4.169276081,4.811391258,0
-4.812961583,-5.691090112,7.785822775,5.485644195,5.708033313,1
-5.333167201,-4.911816626,5.876703967,4.034183361,9.382957601,1
6.867439411,-2.833562412,10.15925782,1.575914728,7.819707199,1
-4.647117487,-1.412175023,8.673968625,6.031415409,11.66329401,1
-1.971338946,-10.49655182,10.80399453,-4.613412594,5.520669804,1
13.13656286,-0.608892365,2.520286409,10.2604267,3.931780898,1
11.78917673,-8.849947368,8.652346478,0.492889647,4.562270386,1
4.80315786,3.075043653,9.961030981,-9.121575305,2.378222629,0
1.986749115,-3.498136969,13.46787227,1.670743156,9.098323162,1
-1.176244333,6.095232835,5.897961442,-6.981124156,5.774216691,0
5.908467004,-13.84417155,4.968382058,-2.230049884,3.446429131,1
-1.101544279,12.60893702,5.9829901,-7.919370264,10.55041583,0
2.087260345,5.636074528,2.388591846,-3.963454388,6.600443876,0
-2.71841422,10.74306925,2.813296034,-2.926611179,9.811915197,0
0.343545791,-1.044985547,3.365122743,5.274706042,10.64702199,1
4.733819778,-4.912455531,-1.294507823,12.49686209,2.198086372,1
-1.822357819,-3.313212645,8.770605213,5.576519641,4.705232322,1
0.610071017,8.116836358,-0.863962836,-7.114947144,9.347659187,0
4.348836113,0.378447966,17.66059785,1.71832461,-2.016949951,0
-5.898736428,3.125461928,16.18445553,-3.97718506,0.479902068,0
4.832298331,3.960705512,8.368337621,-2.089760254,3.594389134,0
7.591537844,8.955436413,-6.966770565,-6.80459525,11.72449748,0
1.729442582,-0.384061482,10.29914807,-2.891864911,-0.23404121,0
-2.11547855,-0.588414857,3.114964443,9.329482138,7.222707979,1
-6.733857254,-9.133450866,8.376313605,-0.660767943,9.109638847,1
-9.351434174,5.986883615,6.99449614,-5.083552555,5.402814978,0
-9.169563661,0.109743226,10.71667606,9.500133187,4.100728551,1
2.431024745,7.344818801,-2.946965534,-9.128362518,9.425407697,0
5.012088008,3.554546111,15.00155375,-12.23514477,1.460448363,0
9.363667811,-3.53910202,10.62367907,7.88001632,-2.420564066,1
-6.977319383,8.347814333,2.174270147,-9.011169413,8.585695479,0
12.04734568,5.902807505,-2.37945384,-0.126766098,8.031992359,0
-2.486247884,2.579854299,9.696107907,-0.894535263,1.98076878,0
0.984927684,2.669755776,0.933650038,11.1021668,3.987145708,1
-0.753538023,-9.75977897,8.687792756,2.181828159,2.627823057,1
-10.38761323,-3.94698255,2.358737023,10.75805598,-1.232831013,1
-0.335633455,-4.952327405,10.72057844,4.105019165,-3.037883813,1
-0.236819024,-0.289154401,8.301793011,8.193611242,7.572211675,1
-2.531676161,-2.232871114,6.347542731,8.741079273,5.583537391,1
-3.065024918,5.770781667,-1.597045758,-8.653146107,7.981933514,0
8.449317578,2.696296396,12.42683995,12.59232847,3.264646626,1
3.034933663,0.980222813,7.175281111,-1.465863183,1.82947147,0
0.571352307,-4.206201329,6.265130976,6.543202267,5.746994574,1
-4.431512189,4.220060364,7.707011475,-2.602156724,3.801321215,0
9.913604164,-6.783917178,15.61950994,-1.943534319,4.068797937,1
11.30086465,3.258745436,5.032036716,-6.764804678,4.139474037,0
9.119597437,2.399461216,9.343680942,-1.877812999,2.186156561,0
0.017252621,-8.170303481,9.544512875,-0.840086854,7.269354626,1
-16.87700348,-1.303840653,14.30207816,3.812920211,5.383284325,1
2.401045932,6.088829379,0.551625848,-9.698647144,7.500628475,0
0.04069936,-7.993041365,-3.769010925,6.892378066,6.181853014,1
-0.888596874,-7.66146922,8.582173582,-1.118837841,5.515898809,1
2.923897217,4.459675674,6.115595279,-1.783392171,4.552636952,0
-6.01168812,5.32130223,8.870406436,-6.467467161,4.630945476,0
0.091447486,8.828080888,2.692558283,-4.222027961,8.483740611,0
-1.113645579,12.91422735,2.226244798,-8.577100726,11.90384731,0
-7.516603351,-3.46553475,21.3688633,-4.004529087,-5.54765807,0
-3.668705557,0.14332708,6.24272442,11.33352881,0.631239451,1
0.438232675,-16.72588159,2.646441635,-4.461528749,11.37842317,1
4.769382433,-5.327972449,8.0596266,1.21225665,11.20638215,1
0.950630803,-3.470040668,4.66621742,5.433643155,-0.34474367,1
4.530039383,5.392061139,17.18047656,-2.804829316,1.961060686,0
-6.861516289,-5.765895658,2.686323743,4.028702892,8.738629047,1
6.389158707,-7.250636997,6.898809065,1.594487966,10.53935973,1
-4.42017283,5.163576185,2.767016039,-2.430314473,5.976878983,0
-7.157114607,-0.543636294,4.711989973,-4.40669257,1.415723722,0
1.59347468,0.34648746,2.329306037,-8.111008533,3.040818388,0
-0.591686397,6.960089259,6.402297954,-2.103659688,6.179406705,0
6.371190519,-8.735048301,-5.625881018,6.182869114,9.103305431,1
6.681251404,-4.254368317,9.376588656,-4.093898036,-2.712277898,0
-4.991408957,9.180707835,-1.079668959,-6.006599107,10.18853402,0
-5.365017133,8.318186701,-2.707847827,-5.650001989,9.946023202,0
-1.617208705,-7.051617807,-1.13986095,4.681112269,8.122633008,1
-0.361197323,-4.615384922,4.699191749,2.381177178,-0.815016866,1
2.860797024,12.08588864,-2.798525739,-6.409817722,12.69089713,0
-5.974172163,9.612537012,9.056833214,8.384888692,12.18654212,1
-0.781629475,1.358620116,9.619817753,-6.044913436,1.385409032,0
4.432496085,-15.22054053,1.473038134,-2.138404552,7.5871967,1
1.407006658,4.559902935,10.58279914,11.4176919,5.310663623,1
1.754253624,-2.026577457,8.818489255,5.164272366,1.004631871,1
1.854448516,-9.872182971,14.86942281,-0.778663182,-0.085349018,1
0.551667791,4.867707317,11.70164531,12.11816371,4.734679181,1
-0.744593278,8.917965409,-7.589018302,-5.259516606,12.06150975,0
-9.49077989,-2.563820701,6.487083702,5.785580005,5.142805605,1
5.810161204,-8.509508046,4.657971912,2.919499409,4.292514442,1
0.03096331,5.055980704,16.2793458,-2.53351652,1.900387683,0
6.494405142,5.667747159,4.790064598,-1.350423117,5.744252803,0
-5.221080462,-4.09418553,9.258101712,1.618246029,7.271022322,1
4.918355259,-3.146860865,7.382986361,6.522851706,8.611218174,1
-1.945944448,9.771389085,8.317192743,-8.189987201,7.577620845,0
2.31354898,-9.906884399,7.164025267,-0.790904341,6.978403444,1
-1.543825406,14.04423093,-0.420245099,-9.864518461,13.4453825,0
4.259198598,-7.540241454,-1.310780693,7.460104187,6.614500852,1
-1.483071484,-0.875230533,14.16209088,2.523727936,-1.756604265,0
-1.666019215,-5.392814382,6.498468108,3.649215913,7.516261406,1
1.552021246,7.66642125,-2.565834012,-4.500634886,9.538854375,0
1.33594754,1.896171166,15.61143876,-1.233791853,-0.238147011,0
4.543263749,1.734518676,15.51113586,-10.95358596,-0.010499773,0
-8.529401383,5.30922518,6.202257656,-6.663435594,5.15758696,0
1.977141485,-2.24240712,8.218016854,4.320696678,3.031868257,1
3.845494315,8.473586071,-9.188965899,-5.097640986,11.98387156,0
5.853404735,8.971489244,9.44749458,-5.347608314,6.883882854,0
-6.227366124,4.815806133,5.042783091,13.35649885,7.924573328,1
-6.707884304,6.75451539,10.6226674,-8.605915315,4.887628169,0
6.217236643,-10.19989358,-0.016820491,4.75807841,5.363765285,1
-7.40317127,-1.011130002,19.23881498,0.115706674,-3.335222949,0
7.153434391,7.699571423,0.193600943,-2.261003071,8.672984112,0
-5.153918767,-9.30777975,0.024218815,5.153723423,-3.987049563,1
-2.992142909,1.485126696,3.10112271,3.729876882,3.157585265,0
11.71339048,-3.977965928,-0.173250811,8.044086245,5.338080664,1
-2.972321065,2.794759383,7.484932961,-2.897323181,2.987261348,0
-2.47927831,14.77868876,0.931986629,-11.71349697,13.58115048,0
1.865109403,4.096344647,11.60695209,12.487588,2.081878426,1
0.660998434,-7.172010489,7.994053931,-2.56580712,7.625404829,1
0.317682614,5.15995334,4.983593208,0.970125576,5.370796446,0
-11.60450387,-0.751758196,6.493157592,4.144931697,5.943094104,1
2.64894907,4.312056344,11.53889825,-4.522664258,3.164772106,0
5.787852197,0.442896262,13.65028805,0.141747048,-0.562594983,0
8.786497462,3.215621383,1.599901164,-4.548137087,5.111947443,0
-6.979538648,4.519854255,4.559068656,1.86389641,4.749511968,0
-1.997415585,-6.314904223,1.998250847,9.056444016,-0.439981472,1
0.593410244,5.764252733,4.814884511,-3.771271279,5.752316683,0
3.302207605,-2.014548328,17.72578306,1.167947809,-3.740681923,0
6.458203831,-0.43840767,7.459843086,6.42307667,5.583573381,1
6.868750918,-1.47447474,-2.795569829,17.38846425,4.461341699,1
1.402230858,5.886876806,-1.116695429,-0.816642185,7.800717425,0
-6.569737363,2.961429505,11.03634274,12.09624097,1.224271506,1
-0.969142516,-5.347644551,-1.362778134,8.739977659,10.14624103,1
9.775574131,8.012741097,0.508572108,-7.374933453,8.597612947,0
3.348436514,-6.207448102,10.07270891,5.823461231,2.217158093,1
-1.484200526,9.337066368,-3.640694332,-7.413753952,11.0187954,0
-1.072117966,13.01183646,7.336465315,-10.23346443,10.41148685,0
-4.056875749,4.537506686,3.50265986,14.39827423,8.106025559,1
3.810035427,-8.395597471,-0.448658638,5.770259459,7.49707721,1
8.443420672,-4.136763018,10.10993087,2.112843267,11.19293863,1
6.590569807,-5.26318958,-0.357989053,5.367467579,8.357011861,1
-10.11208819,1.964006698,8.571232006,5.724525076,8.101974661,1
-0.759183792,-0.920720328,5.093461829,7.972469944,1.134226722,1
2.00489602,2.844097379,11.67972647,-4.760107542,1.731061668,0
6.828519993,2.217009857,5.463535537,-1.094881055,3.207697042,0
2.206610768,-9.083387277,11.10894197,-1.071857335,3.705662149,1
10.98235438,-2.141164924,13.1622685,0.456884489,-2.448219371,0
6.770967399,5.092278807,-7.100178202,17.05122399,3.460518298,1
-7.159565431,-8.166712355,4.052690154,9.073734975,0.374736157,1
-6.237302294,0.148834525,6.728333697,-3.423851231,1.520679378,0
-1.366920935,6.934891211,8.816358136,-5.29505025,5.687723947,0
2.269521412,2.662302797,12.24661748,10.54231331,1.268392141,1
2.872747761,7.316787893,9.452113848,-7.210881816,5.623367825,0
-0.432542742,-9.82150613,7.952321198,0.536829871,2.779808994,1
-0.213286115,-9.061063051,3.486740102,4.245739364,6.112416381,1
6.544832905,-2.166103192,15.77142596,2.742266089,6.147815487,1
4.574125054,-8.259812781,-0.120696173,5.897740649,4.895308314,1
-2.578754958,4.843589803,12.37640613,8.37021507,9.088276178,1
-2.341322196,0.861239282,10.38705018,-0.900774054,0.623770476,0
-8.871397862,-0.100143191,7.165001832,-2.424108253,0.843704102,0
4.065029657,-11.18851957,-6.390837559,5.468365023,5.382862401,1
1.696724226,2.158002171,6.447890243,10.67644764,0.067724611,1
-0.493221007,-3.566023546,6.263512131,6.571818243,9.364032362,1
0.489406892,3.808144037,8.882322039,-5.084304065,3.071125053,0
2.334943996,8.136972873,8.440124626,-2.318953718,6.548076954,0
6.293924606,3.87946682,4.709918718,-3.355864732,4.697324793,0
1.324758701,-3.182397133,5.61861768,5.943288678,1.96999429,1
-2.561201858,-0.278546449,8.656354081,4.545111001,11.25433343,1
-4.646099046,1.872626587,3.352213917,0.39935441,3.394819999,0
4.710314207,-2.317332732,7.22759602,7.363844519,5.28033671,0
3.197028459,-7.992417968,9.529477509,0.928630769,7.870157431,1
-1.717932302,5.243465078,5.512745713,-4.387646342,5.316405553,0
-2.120793836,-2.849337881,2.591841555,9.635836762,1.802998034,1
-1.086889007,16.20712489,-3.378510045,-6.633572594,15.84411029,0
5.205502819,1.304147321,11.52277702,-2.870101726,0.700150617,0
-3.099421783,-9.741381834,7.689107405,1.68892465,6.452946969,1
1.079723509,-3.070204656,10.46559906,0.436072856,-2.338498612,0
-3.701552832,2.765688943,2.955423835,0.020775137,4.166373887,0
-1.020678215,-13.12231742,2.333780466,-1.405613788,9.549586273,1
-0.767135235,-3.696726081,11.82588091,1.746060352,-3.106070829,0
-1.861459466,-16.24535825,-5.769172295,0.021881134,9.430533125,1
3.850222141,8.508841482,7.970877822,-2.886324194,6.85593174,0
-6.010594133,-2.197356012,7.411877781,-0.694644339,-0.407946071,0
2.455383841,3.537527163,-1.634734243,3.228067562,6.116306534,0
3.381366482,0.835800991,8.868327119,9.471917707,3.399210549,1
1.751322096,1.408860482,13.08544799,-3.071090863,0.571346054,0
-1.514266474,-3.146605509,6.686253406,0.820999978,-1.278795422,0
5.401669562,6.43727136,8.614911688,10.024488,6.645131852,1
-0.811581949,-7.39724702,17.57107472,-5.358707805,7.212344991,1
2.920806847,10.34645811,0.412693876,-6.331094831,10.35035915,0
-0.550117972,10.01916294,-1.685763673,-5.908904688,10.82772314,0
0.57378797,-4.248448552,9.269655532,6.414558728,0.894793665,1
1.130144571,-2.036167599,10.70473174,4.555776016,-0.092625794,1
-0.319079938,-2.486611919,12.78040389,-2.210644023,-2.362571038,0
-3.725149083,-4.467679428,13.08125444,-1.115925745,-3.933371332,0
-1.172935758,-0.280447762,11.69891319,5.951069538,7.294493388,1
9.261461758,-8.002851056,6.755566788,2.635805535,7.641221131,1
4.791319566,5.913631574,11.57739345,-2.736823252,4.028034169,0
-6.787833042,7.865618094,-2.878935312,-5.260059836,9.534407534,0
-5.759118217,2.463367365,8.671456294,-2.473525843,2.427255268,0
-1.444759671,-2.372391497,20.6132259,-3.376932629,-4.721567667,0
-8.746297775,-10.80337829,1.718261503,2.755247748,0.779755954,1
-8.472954975,-7.860750474,11.30820205,3.057369557,-0.336612398,1
-2.497155115,-14.47214972,0.229702177,0.495786212,12.49257067,1
-9.982481665,-6.997957125,9.903023208,4.598497646,2.028551384,1
-7.644599634,-6.329874278,10.36771115,2.56910901,-4.418646157,0
-2.35048876,11.39935241,-3.99585213,-4.676801228,12.57882963,0
5.281159612,2.795721582,7.315447791,0.253100627,2.686820488,0
-6.774927029,5.806738081,-0.043061658,-5.97452066,7.363302352,0
-4.101496326,10.2962355,3.867702448,-8.519604312,9.606970136,0
8.652833413,7.001205139,-2.46784453,-6.272649695,9.127753164,0
1.079608481,2.344333792,11.5905955,-3.162274298,1.459134501,0
5.264034497,1.978679333,9.3861195,10.54630559,3.928354726,1
3.675936623,-5.922830066,2.298071524,4.09729821,8.155058414,1
1.748701893,4.248054696,-0.18627638,-3.177148888,6.265147922,0
-4.94327033,9.966682349,0.464790977,-4.694508296,10.17890114,0
1.001254358,2.141441103,9.876522079,8.932834283,3.819877527,1
2.962975298,-1.969276729,9.757787442,4.409294187,5.829725264,1
5.089076181,-0.360373855,14.3318913,10.52360258,5.573496592,1
7.453610383,-2.72792471,2.375902278,8.461343714,5.228303892,1
2.299268417,0.811213347,12.80165214,-1.504777639,-0.19476624,0
1.18696898,4.455160055,-2.465731393,-0.747486133,7.251530108,0
2.923842416,-10.58533708,3.821609563,1.694608135,1.26918991,1
0.089672959,8.417097976,-8.298832428,-5.40871575,11.54191697,0
4.802916828,6.783419237,9.805967451,-4.087827899,5.276015173,0
5.917875236,-9.56907174,7.612009961,-0.481487669,3.650112258,1
9.754548718,0.954024944,10.90040997,9.651835561,8.636671294,1
1.590080378,-2.494383047,14.18336364,-1.905744948,9.248871364,1
-1.49534907,-3.128572828,3.481046129,9.565317724,3.106116634,1
5.011195504,2.025518399,5.017406745,8.778130744,10.60736699,1
1.260038115,-4.327788269,1.4287902,3.360135408,7.922030203,1
-2.505776936,-4.765717242,11.08184297,-0.464575398,8.926297174,1
0.974471186,-2.139925256,12.12431347,2.7290426,7.733692449,1
-3.135708679,-0.029086251,5.434372892,11.91485476,3.206483545,1
2.652201179,3.071079474,3.963785515,9.757135034,8.368839652,1
-1.787891039,1.688772246,5.163963713,-0.078306626,2.80057922,0
-2.048451302,8.267306625,-3.428342191,-4.819609452,10.03705728,0
7.369236602,2.848254181,5.346123534,-3.56051932,3.640711593,0
1.378954356,-4.539386782,14.19145932,1.645564392,3.562955703,1
4.760343089,3.594512743,10.54994768,11.29419125,9.141050403,1
-0.026830505,0.996665433,-1.65398973,11.51420073,9.736763494,1
12.20775465,-5.046903368,22.09516203,0.455657896,3.196917474,1
-6.151901736,7.234222363,8.600476709,-4.825137305,5.869528133,0
-11.54205618,17.70838189,0.730875693,-7.849056119,15.82828883,0
8.117746559,-2.557539794,10.05331699,8.10048571,8.864645836,1
3.715171145,2.410831987,1.675131908,-6.258333173,4.55879026,0
10.67104789,5.70086428,10.6290041,-6.270681463,4.071879052,0
5.18834816,8.238802367,4.726968776,-3.395358636,7.831561779,0
-8.679162282,6.623802002,-2.958080079,-2.614824414,8.85743395,0
-1.175761509,-5.046898172,7.940407281,8.237362147,5.878521556,1
10.94978165,10.18736254,-0.469804362,-4.000294435,10.67442142,0
6.56297173,4.766313271,0.926683957,16.20256235,2.808477829,1
0.542961768,-0.453389083,2.070600917,-4.649324143,2.193089712,0
-10.01887625,-4.814033558,7.209437326,9.639374785,6.29384721,1
0.624700709,3.408954335,8.573003909,15.2562405,-3.230165717,1
2.426566149,7.545596759,3.202866307,-8.191560882,7.724432226,0
-3.770407725,11.23377403,4.466472131,-5.739230705,10.03189046,0
-3.202383686,-2.450924849,2.917492095,7.73420974,5.131998095,1
5.644234098,-4.330739226,-1.013863822,9.865322543,4.311095629,1
4.33981022,-5.555865522,6.748532295,1.479417143,5.884045469,1
3.942604617,0.002653259,5.17360694,7.212942971,1.81286762,1
-3.097285336,-3.087542868,2.535469,5.735483497,7.413777786,1
4.819589325,8.473072933,4.811537774,-1.063888706,7.724209381,0
-2.788582684,2.784124912,5.23101112,11.68681788,6.417749543,1
11.66003146,-4.794377901,7.192222069,4.331084199,8.341003927,1
-4.423381817,7.157533796,7.933751688,-3.796896935,5.709889681,0
0.679018166,-16.11547978,6.422265947,-1.123713669,8.339265787,1
-3.77995922,6.616793173,-1.347244464,-3.722750812,8.43346312,0
4.633145602,-0.59916388,6.414506628,0.076255444,0.791759752,0
-4.180140651,2.915339918,-2.041705117,-1.297632749,5.974384931,0
-3.310267599,-2.633331155,9.54076882,5.687209233,5.355005343,1
0.880992559,2.685817062,9.208155848,-4.537462219,2.530069886,0
4.162497097,0.743198731,-2.438512434,15.02810019,3.286329719,1
3.868910157,3.069575653,-0.498155422,13.19649342,4.449696278,1
0.910641537,1.451609424,9.428434123,8.48020925,7.867068612,1
-1.009534321,8.212122696,6.740054035,-5.554612514,6.969251453,0
0.835971997,11.23496992,-3.061397753,-6.374358229,12.38839575,0
9.456216056,5.595166654,2.218380056,-8.340942525,6.320114585,0
5.860191029,11.03785119,7.900580825,-7.058581512,8.575668939,0
-1.395085147,-4.330157304,2.633613397,5.757030076,7.816121081,1
13.03938091,15.89439829,3.483187527,-10.4974055,13.42900164,0
-0.693802936,1.174054382,9.094546241,-3.207557423,1.145190247,0
-5.864135042,-5.762859484,13.21465907,0.697302915,-4.87082753,0
-1.971075099,6.825703607,7.066268815,14.5641228,3.410102286,1
-5.845288553,11.0292709,5.616706057,-5.280255653,9.15022205,0
-4.672923187,0.586552614,16.37086441,3.70725295,0.454410022,1
3.685357725,3.583267829,2.106285896,11.23064784,5.690621161,1
0.532350657,-4.530177164,3.534562198,5.309047125,5.211059905,1
0.910074264,4.7245241,16.09701283,-4.808945788,1.752276264,0
6.797925249,0.518475832,6.972691473,6.420253382,4.3820091,1
-0.443261053,-6.240315129,4.61040006,0.646407849,-0.206852246,1
2.864499169,2.129676759,16.13276067,-2.320603978,-0.292796035,0
-8.305224458,10.34992058,-4.739771507,-2.922925244,12.06004469,0
0.924134712,0.632200447,1.796881302,10.15755065,8.767538714,1
4.611633797,-2.913028115,3.782876551,3.879441183,8.959808155,1
-5.507670388,6.888393852,12.23669825,-5.16637747,4.415375043,0
-5.082157743,2.204584556,3.444690642,8.013112125,8.416038114,1
-6.085463222,-2.865235632,4.545722328,8.533789039,5.152931798,1
4.148493243,-6.107318702,6.922352066,5.020256447,9.29630088,1
-5.501026736,11.15669574,-5.547615118,-3.51445427,12.85366685,0
-5.813505621,-7.217088139,-3.124869638,10.21155476,11.73041749,1
5.706176838,-0.856927471,8.016536893,-4.473467263,0.325094215,0
-5.435339261,7.011180022,7.195760287,-2.651997036,5.968986281,0
4.820265072,-2.657562331,5.64855945,5.113062933,9.92464965,1
-4.736986997,-4.665894741,12.29882555,2.584214278,-0.168730577,1
5.448215077,-0.436779689,8.868692105,1.191029431,6.974871635,1
4.000141669,-1.550143376,2.705271335,6.381904457,5.694429983,1
-6.115315366,-1.824306659,9.859848384,1.968791544,-1.32238463,0
7.187721004,11.06480886,-0.009790012,-6.776563834,11.26821711,0
1.621920792,-3.47688088,16.17320591,-0.285370357,9.518027457,1
-1.542534924,8.098833718,14.04970144,-3.111146949,4.799701045,0
-3.976353889,8.766303791,-0.283579154,-8.628105093,9.702390834,0
1.208628179,-10.16008546,-9.430900628,8.401430274,5.309877753,1
-1.198593256,5.515493874,0.038223414,17.16574488,7.925374053,1
-0.981360092,4.421305983,4.724128351,10.91201787,6.4092202,1
0.925082816,-6.732349506,-0.8819571,8.614221854,3.291848563,1
3.052304728,-14.43191305,2.529863228,-1.110915085,9.755367762,1
-1.904331955,-16.43679037,-4.742998578,7.110876901,5.648233335,1
1.131916819,6.867706563,-3.910796108,-4.044004854,9.1932212,0
-5.826599595,1.470006812,6.573675833,13.66958533,4.293633611,1
-0.741089458,12.06368718,1.458280514,-1.980547796,11.33999694,0
0.117614002,-14.46438451,8.827608665,-6.221847643,9.122021716,1
-4.866155083,2.131489186,13.13788946,-0.013454526,0.766944442,0
-5.200857496,5.194329829,4.769067113,0.084790272,5.401869205,0
-12.21229517,-1.750056802,12.77526667,-0.974027147,-1.64530107,0
9.9374003,8.579724833,4.820931402,-5.541476009,7.823924389,0
-1.523785476,8.462499319,5.844835893,0.642609392,7.365876246,0
10.42730736,-8.559593266,1.967367093,2.163089508,5.548168338,1
-1.461228404,5.247763941,4.817519863,-3.520416343,5.482435604,0
3.184969376,6.773313008,0.996681263,-7.803276638,7.678132352,0
6.193507529,-6.034041859,8.449219803,0.543263511,5.540333129,1
-2.233769199,-10.49527647,11.02366314,0.103658359,7.997096458,1
-5.935506463,-2.012069305,9.280185731,0.803847469,9.208121924,1
-9.222769679,-9.463329065,4.859195226,5.009760466,-2.303866785,1
11.16343207,9.441508064,10.83896711,-6.423377006,6.801180577,0
5.11353009,-3.15829642,4.065604495,3.843173781,5.831958267,1
-4.557829077,-9.128178772,9.840092867,4.267655353,-1.852620432,1
-3.599186085,-5.555729368,0.878866832,5.834312654,7.708947527,1
-4.81407315,4.347387281,6.737012208,12.73295612,6.889287779,1
5.909036552,-0.623856855,0.559769895,8.289210893,12.78665347,1
-3.953675447,-9.577926827,10.14992281,1.768555088,7.895899815,1
3.027761489,-0.765627,5.201090611,-4.33645122,0.982665922,0
-0.16488049,-3.707889455,1.843209759,9.109972485,-1.091832242,1
-7.295151545,11.48332698,-2.380506454,-9.251628415,12.22822837,0
-5.712026242,-2.874002332,3.904863611,3.691199679,7.565616705,1
-4.768899943,8.528659017,-4.954856713,-5.672389607,10.8518179,0
5.494501394,10.46922927,-1.168987187,-8.725874459,11.15778959,0
-4.504517174,-0.41459236,5.858008002,8.873258776,7.530215308,1
1.118993786,-0.428730022,3.087013683,8.236370736,9.720828088,1
-0.559664404,1.565373534,19.77579869,6.022642064,7.262170382,1
-0.113766523,12.57945693,2.497406089,-11.13267007,11.47715113,0
12.22527219,5.270683879,3.989383438,-4.291611578,5.933894896,0
-1.593483913,-14.74459505,10.16442588,-5.150524394,2.657490127,1
8.684031631,6.173351078,5.650739451,11.79413116,8.365260501,1
7.484570902,-3.369173595,3.076689613,7.21191632,13.82185764,1
-3.140742703,10.05920044,3.934198329,-8.091283183,9.435261277,0
-4.37776216,-0.346846315,7.919129534,7.185434596,7.347703592,1
-7.825418918,8.619425583,0.231962536,-4.047463271,9.189664187,0
-2.841130446,2.26063711,5.292099551,11.30939435,0.293054377,1
-3.22810589,-3.518605031,9.62454229,3.648049607,3.196997473,1
2.528934437,2.456540342,0.201088504,11.78988904,6.445379801,1
2.997322058,-1.826438796,6.760577971,6.032148641,6.468263618,1
-0.868187502,6.761886455,3.005580186,-1.353140331,7.075357197,0
2.75913888,-1.293023343,10.72400343,1.897231328,6.647944627,1
0.53629503,-4.175363445,8.302651135,4.699618292,0.138023273,1
5.993650119,-4.726180067,7.925000333,4.204438235,6.271804732,1
-0.92787286,10.46814156,1.0945417,-3.37027133,10.55978462,0
-4.595727132,-1.818866051,6.194380264,-0.935817201,-0.125365892,0
1.134986369,-2.557912288,16.35075444,2.581936747,-3.798206184,0
-1.46352302,-0.556913741,1.489796647,12.19853722,1.794933768,1
0.457496075,8.396591432,10.17309456,-8.354028131,6.407292803,0
-2.998393762,2.577536135,8.968400764,7.849838859,3.026763935,1
7.029515426,7.379689135,12.67544963,-0.499572126,4.60719986,0
1.070953225,-9.361128526,5.949523561,2.753634417,7.592998603,1
-3.171240211,5.45997004,1.673764075,-5.742995469,6.537378137,0
2.577019122,10.61749686,-1.582276637,-5.185043239,11.33227602,0
4.75135957,-4.434089093,1.413970222,6.141597747,0.912740335,1
-4.633082866,8.974121379,13.47759545,12.31200833,3.648582855,1
-4.118996901,11.52209962,-2.751325071,-7.373435511,12.39166715,0
-3.467936153,4.307926789,13.37273596,-3.422850238,2.138922899,0
-7.670902397,10.28844262,12.96559078,-3.113450633,6.415374146,0
-4.04804938,0.570384444,13.56603286,-0.811303139,-0.450928642,0
-8.689397024,-13.78120682,15.30033483,-5.982488339,11.31823543,1
5.405988532,6.51740413,-1.853763159,-1.103611879,8.426332785,0
0.505780694,2.047809482,-7.329606243,-3.342885969,7.015494563,0
-5.007678202,-3.812074193,4.711682768,2.667823778,9.060137963,1
4.506176378,-10.48404397,9.25789385,1.380296855,7.35216247,1
-0.10482517,6.802689429,3.112284674,-4.005697615,7.27787395,0
-0.479445837,13.95758846,-12.24715091,-6.485834489,16.78140195,0
10.20124403,2.92750499,4.914430702,7.503475681,8.054580889,1
1.084248802,-5.803606444,-0.47403306,11.04147388,3.176016869,1
-1.785854998,-11.34501466,5.784974045,-1.625834753,4.600701564,1
7.806646812,-1.54844342,14.31907098,4.76673294,0.524084335,1
4.037069265,4.79853966,6.74912401,-7.283965346,4.843263819,0
6.30656882,11.67835985,0.60555515,-9.313860297,11.63008404,0
-6.990171662,12.78273087,-6.069370681,-5.42568079,14.00401916,0
14.81804922,1.753491561,-0.962393181,13.24324572,8.864853893,1
-10.60028531,7.905208701,-4.840956981,-7.645829486,10.5236604,0
2.470783517,6.430886471,-0.287309436,-2.301274518,8.059033809,0
6.327694893,-1.841289713,2.851942716,13.78767796,1.230467704,1
2.161879957,-4.812320158,8.757349024,2.096656046,8.665204816,1
1.230255493,-8.441217841,1.403723974,3.293393408,9.536773732,1
4.99274098,-3.502769586,12.6766477,-1.440360997,-3.092613613,0
-2.8637781,-10.9373329,5.262104739,3.464103321,5.471621635,1
-0.505395133,1.714896273,7.287009959,-4.293466053,2.031649279,0
1.571275646,-9.697625069,9.702738035,-0.218418349,3.408726047,1
0.403036813,2.52994753,6.26929198,9.059561788,9.52003806,1
0.646096974,-8.739409476,9.067349468,-3.178657642,5.094270239,1
-5.814704738,4.69481022,13.83995452,-2.224239772,2.49530289,0
8.099800145,8.133789399,-1.721861139,-0.044207351,9.417927349,0
6.638099677,-8.604480118,1.853341588,3.77706978,5.483734107,1
9.136652472,12.14824876,-2.996299556,-7.654416881,12.55808479,0
-1.471959999,1.644138607,13.02731495,-3.094212719,0.268898685,0
4.801630142,-2.717910812,11.9130539,5.097325338,10.08294979,1
-0.109386701,-4.27565673,3.882752011,8.115062636,9.541267593,1
-9.882378564,2.607505963,11.0430562,-4.558061739,1.832373026,0
-2.199443435,0.313392912,1.772724548,13.93922369,0.51959384,1
-2.640404626,1.663191054,9.87824379,-4.223889065,1.325025993,0
13.62266928,0.478638832,2.392777829,15.96801331,5.346154216,1
-6.146865594,-1.955984684,9.847290998,1.625964874,-1.605507866,0
0.98641243,14.33850235,-0.122691729,-13.32019644,13.69018292,0
-3.051009399,-2.773617398,-0.283910306,2.67907321,7.224615785,1
-1.225578234,-3.044496995,12.24556175,-0.838398411,-2.554931643,0
2.91493684,2.752538903,-1.586200458,-3.547690909,5.778407705,0
4.227234638,-4.41117509,2.038387786,9.038643699,2.532185276,1
2.617773498,7.150787814,3.811587528,-3.783147521,7.153904342,0
-2.623770289,-6.590250936,-3.720088517,5.917448774,8.763236825,1
-4.235681575,-5.867532809,4.355389341,2.523029945,7.370839196,1
-1.532774548,3.939458334,12.56185275,-6.055761814,2.432743675,0
4.728186448,2.67320276,2.864722469,-1.617192787,4.195507721,0
-7.452378411,0.985685137,8.814719365,-5.035057289,1.682094028,0
-1.871295827,3.141601633,11.90725827,-2.495123632,1.865349764,0
11.13329622,-17.02878752,5.221965146,-4.010335937,0.973753101,1
-7.036163864,-2.711533804,16.56810686,-1.707420556,-3.579968881,0
-8.362895114,1.274687606,10.52954366,9.757067447,11.52267293,1
12.50240937,2.122812154,5.817904741,5.896114817,10.15362373,1
-0.111098315,14.36554963,0.248941684,-6.075048521,13.43157973,0
4.211017331,8.203588027,-8.082130145,-6.154892908,11.4981253,0
-0.891219058,2.705438909,14.31795375,-7.118175711,0.781973668,0
-3.941519796,5.736228613,6.198602793,-2.037363318,5.435666048,0
-1.100015409,7.418197307,3.728213508,-3.327562012,7.099842141,0
3.619959807,1.645300802,11.60757756,7.349063971,5.095415762,1
1.296830749,8.286446462,2.388016682,-3.381320029,8.354042154,0
-2.774643113,-1.610370869,1.542155791,11.5755207,1.679827043,1
-2.176076061,4.863746273,-2.221879449,-4.013413838,7.27542704,1
3.385914877,6.024861534,3.804291582,-4.046325512,6.390320489,0
4.118200872,6.140060162,2.903667201,-7.247898025,6.919078812,0
2.587829205,8.594651916,0.963978622,-6.84852708,9.038808211,0
8.042818841,3.917641041,-3.014390389,-7.850810063,6.954897572,0
2.077392532,4.094445305,5.380167873,-3.785674807,4.710305507,0
7.478655269,-5.496001283,4.742457777,7.669796237,2.30342593,1
-1.313241122,-3.988964942,10.86354987,4.399050849,6.971458928,1
4.401097731,10.94745541,0.413782818,-6.119292268,11.01195237,0
12.25531964,-16.32985902,9.936261805,-5.086583981,4.625553735,1
-1.414394041,-2.707299437,11.82067851,-3.186719375,-2.194899441,0
1.894317888,3.543863839,17.1206537,-4.487870666,0.85558915,0
2.510874535,-11.50202275,-2.934133721,5.724207538,4.757565839,1
4.169524164,-12.89944765,0.538155231,2.782704817,11.44436807,1
-1.782812236,-4.863681705,17.8319505,-2.454251758,6.707994146,1
-3.783277768,-1.561723155,10.98839984,7.300127267,0.752600581,1
-4.976630993,-2.042657174,6.164791966,10.79964843,3.375702688,1
-10.36907765,-4.853465842,10.88459803,0.302981398,-3.613476676,0
-15.29618087,1.109594043,7.372220408,-0.800932226,1.756593043,0
-7.175695651,-1.314306299,3.836042801,1.904117163,1.078001653,0
-7.918224515,-0.819332626,0.777631367,11.13785896,6.694269045,1
-2.846466919,1.45239097,7.47428395,-3.841298195,1.936248832,0
-0.290730005,-12.22870637,13.91543758,-2.460939245,9.26643737,1
6.717552099,-3.32270879,7.636452779,2.806699844,5.278966386,1
0.836239473,-0.846076647,5.036808165,8.476108408,5.347940968,1
2.685719328,0.265405483,13.6304789,-2.866485025,-0.81914458,0
5.478643645,-0.611116099,6.088315428,2.024736223,0.761639098,0
1.544999567,-8.777008913,0.382172512,5.227539238,-2.971725385,1
-1.290832451,-5.155195394,6.090916262,-1.741356527,-2.412717002,0
-0.844547285,-4.60117973,3.643890904,7.04912248,4.711106299,1
-2.329735451,-10.78797241,4.193067625,-2.025905743,4.048366859,1
6.599821161,-2.883927905,6.590756158,7.103817134,12.32723403,1
6.563038531,-3.183801288,8.7139581,5.484639462,5.03592299,1
-2.203931608,1.795432845,9.132290636,14.77859796,9.121637905,1
-3.957393457,-3.822154779,0.025303301,8.840543106,5.819378112,1
-3.691164473,5.861373545,7.376476152,-6.726782415,5.161006193,0
-0.112028308,-6.546472699,2.282892318,6.418714303,3.537846778,1
6.086171385,-3.163821629,-3.016816671,10.84975257,9.886466615,1
-8.841740685,-4.331387161,10.28476754,5.220283343,2.717381586,1
-3.504253819,6.468562744,10.90336026,-0.217032304,4.662063016,0
2.195418815,4.142703536,6.642718964,-1.418828631,4.016384172,0
-3.036760328,7.272875247,-4.72342671,-1.883802873,9.720434553,0
6.781956654,-9.769631513,8.119728707,0.107474876,6.21301542,1
7.878567272,-1.26892685,-2.460062676,15.0312773,8.857809938,1
0.88911817,3.760097854,14.56494137,-4.09176737,1.590658022,0
0.740031963,7.387513289,6.249254651,-11.1868252,6.739952783,0
-6.40061327,-16.97791451,9.161530998,-8.006927581,6.609354399,1
1.438954884,8.125696406,12.14176399,-6.650010245,5.446136402,0
4.325941523,-5.114679871,13.48239147,-1.664184279,-4.330360867,0
8.569879376,1.664368601,-2.217985989,16.71602032,5.71195418,1
-1.549619037,5.68204078,2.756042568,-4.177164051,6.233185145,0
-4.36308879,-5.462403635,8.9843263,0.707741673,5.252874232,1
0.41086259,-2.790226542,6.206996456,-0.679849043,-0.616469976,0
6.176000496,-6.334065404,10.58576817,1.574015966,10.52254271,1
1.531490805,5.68666735,-3.592566499,-4.787073422,8.388372325,0
-2.400067366,3.509404828,1.867305634,14.38282047,6.555041348,1
4.546123634,6.198163881,4.787979405,-5.60300844,6.114629764,0
-5.953899757,-14.93824588,9.833365725,-6.16469418,6.794477868,1
-7.361615622,-11.9373732,-1.946226862,1.628726548,11.26006043,1
4.299456647,3.614181499,9.765357938,-4.861017331,3.229989586,0
-4.393518734,9.354404207,-0.852407547,-8.418432031,10.27007804,0
-3.283432094,7.921961307,12.58869472,-2.673427506,4.926287208,0
1.887890295,-0.5109189,-0.853894982,12.24801822,4.490497799,1
-1.913306038,-1.856073073,9.591101915,5.205538522,6.0619983,1
-6.539377492,-1.780477217,3.427797377,6.620020497,1.917996408,1
-0.901229407,0.414459484,5.87087649,13.86928352,3.725590692,1
-1.47631865,-7.674023876,3.050178247,2.860703516,8.01925492,1
-3.763473583,3.687468035,-3.315072023,-0.871978719,6.688440556,0
-3.650981046,-4.544917544,6.535623371,6.63206247,8.072144644,1
-5.982661102,-6.163542822,5.653609989,6.935372167,3.975270108,1
6.814521821,-6.621250541,13.65802957,-4.443886683,8.022910348,1
3.495304664,5.306683575,4.653756574,-4.83947966,5.649149999,0
-7.439723372,-9.117570627,10.03146156,-2.519721058,7.064402769,1
2.737382061,1.316561143,8.372804144,-2.282938035,1.864350277,0
-3.514351057,-1.406825899,-0.421301287,10.31586359,12.19386773,1
-1.47887726,4.568222876,2.327845138,-1.840043054,5.59582643,0
-3.199590138,4.182645325,11.18829396,-2.035629566,2.775974345,0
1.177228902,0.755360998,8.687279583,-5.688983208,1.245195918,0
1.487943783,-13.05079449,2.719062726,2.195569732,1.229327933,1
-6.264866679,-2.802406669,3.027240298,10.26901443,7.113491126,1
-1.305250637,12.23663512,2.269776274,-9.783515452,11.24485325,0
-0.041538477,11.45339428,-2.991342753,-6.314946695,12.45035516,0
-4.966884331,9.043587885,0.340184828,-3.351976394,9.496109715,0
5.672018019,3.837814102,11.91738088,9.966231803,11.38674797,1
-4.535458941,6.004906694,15.22707382,-5.157217303,2.781376317,0
-3.601916881,1.91454663,13.11042751,4.564890118,5.859542954,1
1.955601955,1.118454225,8.266668226,8.907307556,7.325334794,1
-1.128690043,1.89284967,9.135180685,0.151829139,1.737078361,0
-3.576544185,9.756044268,7.397354871,-6.592983791,8.013526249,0
1.796345428,6.684554314,-0.435693343,-5.554008577,8.237131474,0
8.030769374,14.88738428,-2.257201581,-7.677469153,14.52023468,0
3.066299296,4.423374856,9.722839056,-5.392623569,3.626977651,0
0.092465682,-5.478685183,8.661583407,9.629257828,-5.08357127,1
-5.488641791,3.594005679,13.34770713,-0.552359829,1.904802227,0
1.323032816,-3.864528198,0.469649242,9.838589566,1.160725238,1
-6.859972043,-15.66330695,-0.583433913,0.618841415,0.258125251,1
-2.582635324,3.31269852,14.05920041,-6.396006391,1.542253244,0
1.270353597,-13.14878731,3.140222651,-1.691663913,8.342927601,1
6.197586886,-5.614960824,3.664460207,7.453542723,3.642408291,1
-1.497834013,7.801951553,1.740324347,-11.27095935,8.390869128,0
-2.389410579,6.831644893,9.131657979,-7.237835591,5.310960766,0
1.284663531,6.896815446,11.80595867,-1.922668857,4.685618779,0
6.238482386,2.50438721,-1.340600122,-4.326751071,5.661784313,1
-2.642183017,-8.243256184,-2.183206061,4.967083239,4.344671278,1
-1.828257416,-2.42363359,23.12662759,-5.087597189,-5.435234448,0
1.097064719,3.788219744,10.39720703,9.773655455,4.910950028,1
-4.178659026,12.37482223,15.21140873,13.3123315,1.38720246,1
4.666519477,4.4546371,11.7181144,-1.401512692,2.79740687,0
2.594903109,-18.72511202,-4.739573015,-0.483483427,0.782212268,1
-3.868442322,10.00003002,3.323023869,-7.298955035,9.251439105,0
0.344675022,-1.095351971,-3.355886272,14.09584905,3.296245081,1
2.381586395,4.966848733,-3.433599581,0.019818392,7.589019547,0
2.614136108,17.68951371,-16.25580352,-4.987942894,20.9734909,0
-2.607355962,4.734280203,4.926533514,12.51741539,6.43487087,1
-5.156858745,-17.31136754,7.237450895,-5.358774084,10.41257476,1
-1.54252929,0.114369956,15.29388085,-3.729173876,-1.321927262,0
2.600304385,5.397479116,-7.304437145,-2.611753119,9.409581585,0
-0.601399073,-8.497168288,7.180477139,4.246091018,5.992961414,0
2.349028431,8.599880758,6.14901328,-3.072318374,7.244019905,0
4.987161778,-1.652348508,4.148778072,-3.178089756,1.042166438,0
1.407256211,-0.099303836,-2.31303432,-9.657201037,3.968317525,0
-3.738482675,13.24689646,-0.436786714,-5.414861328,12.85963007,0
-4.818298719,9.534566577,-2.871388717,-2.581171417,10.87273779,0
1.402557843,-11.25597639,13.83224537,-6.127464171,3.758937162,1
2.568174244,-1.808577787,6.188936107,6.179357201,1.238864398,1
1.161774312,-3.406209849,-2.083422434,10.22727951,6.010147314,1
-4.418791094,-1.320156709,6.242494774,3.709725765,6.939571204,1
0.880216707,6.103007894,8.719614847,-2.400575632,4.691981663,0
4.181722264,-3.569871016,20.51108632,2.475823151,2.228472641,1
-7.109138914,-2.975777983,12.44827009,4.978246838,6.512904798,1
3.525810513,11.41628243,-9.472076628,-4.145943197,14.00321999,0
1.153519863,5.151178745,6.210542045,-3.031817394,4.860431129,0
6.934460502,0.568198852,16.62791424,-0.362015298,-1.605288119,0
4.695991825,5.000401194,7.097595646,13.17799229,-1.380594523,1
-0.911978524,-0.308100354,11.66143783,5.080684892,5.047810688,1
-5.438641417,3.376820353,8.832185845,-8.335155289,3.004116865,0
-5.581884904,4.931317631,3.296133025,-7.910718497,5.964718424,0
-0.331713716,-7.764574348,7.802013235,6.925809268,0.506946409,1
-4.508478891,-5.177008606,4.587498055,3.443297374,6.654730552,1
3.23299147,5.566104167,7.44775437,-5.627452087,5.182607392,0
-1.986402387,-1.021951437,12.92562044,0.595582634,-1.518190527,0
1.230492548,-9.156837385,0.345348728,7.835500838,4.447268356,1
-2.662964119,-2.046178976,10.92503207,3.499094912,3.066375885,1
-0.813537107,1.967147856,12.64133853,-5.726810547,1.017879351,0
-0.431652815,3.811449488,6.174289207,-9.095852022,4.30704653,0
9.30642987,1.576490136,14.89537671,11.78638481,-5.145791144,1
3.283128089,-6.364858917,2.541486154,3.642027041,5.475685633,1
3.940585518,-0.971988791,8.127556236,5.71929791,4.236627201,1
-0.562030497,0.593317441,5.255567391,6.522206963,6.319434207,1
0.139339447,10.74258068,-2.851246826,-3.518557739,11.97073444,0
3.066173976,-5.729727141,10.07922838,0.401026296,8.869528857,1
-0.284885289,-0.932016734,10.5934972,6.577827134,8.896204392,1
-11.2010963,-5.275749401,3.43693662,3.092215801,9.393821621,1
1.102856535,3.385622581,9.813322236,9.970152123,5.509895925,1
-8.647545834,3.198440615,-0.168106649,-2.20656465,5.975697502,0
3.512974419,-0.815719039,15.83805527,4.629433262,-2.053102853,0
4.704160796,1.130267499,6.585074253,9.720972994,6.056516976,1
3.425836036,10.45431438,7.793038134,-8.614524698,8.452093329,0
-1.013003007,-1.838324687,11.04029585,4.479737131,15.01996869,1
7.597073419,3.390704893,-0.023612604,-5.806219444,5.728691271,0
4.716239183,10.31727312,0.921186948,-6.768784341,10.60650614,0
7.801645292,7.198581506,8.368488007,-4.97307377,5.851770171,0
0.973038381,-8.199457615,-6.5058849,10.3991798,3.673186852,1
1.999552723,-1.657104419,4.06531702,8.254530227,8.382171675,1
7.267844281,-1.564458068,10.31619501,3.614809052,10.76991668,1
1.332578759,-11.56577834,-3.017676722,3.892325382,8.75642689,1
4.925488205,-4.430765596,6.012935632,7.488861099,4.632001833,1
1.228180694,-9.422502161,-4.625318475,2.718291792,12.87883858,1
7.25283675,15.47495601,1.555456957,-6.359086753,13.55181309,0
5.611104628,0.26209822,11.17804823,0.957916788,-0.157728652,0
10.5272462,-1.452963475,11.82392421,6.216605894,-2.566782605,1
-4.957763342,5.422406399,9.100895825,-7.610531015,4.482315878,0
-8.078924582,6.522754846,6.580920866,-0.412230728,6.025348299,0
-0.374397672,-2.289890629,8.53278707,-3.324671244,-0.863728351,0
-0.510209904,-16.19848164,8.790041668,-5.839267405,6.02080887,1
-11.17751107,2.570130711,5.398173845,-1.651910446,3.323150836,0
-1.106002141,6.351759725,4.007804633,-3.163422169,6.434805314,0
-0.645566974,5.654482134,6.880033265,-5.744563185,5.378498242,0
3.737648995,-1.404928112,10.35667973,-0.988123688,-1.120559299,0
7.490739678,0.82305442,11.46648666,-2.59852116,0.39515742,0
-3.34934263,3.140404479,2.965980419,-1.212750792,4.393492432,0
-1.278449768,1.607721183,4.301188226,12.32884298,7.771428371,1
0.745763499,5.823404854,-6.422054089,-4.988076338,9.481014112,0
2.620729582,-8.808410709,1.010629219,3.464981606,5.37372795,1
1.023684183,-8.013862936,5.027810643,0.915291525,7.122927899,1
-3.968396176,11.94354312,6.094027699,-4.601959018,9.954883559,0
-11.74628309,-4.939949269,3.146040687,2.03807672,8.799950791,1
6.458499631,-4.935734457,3.773798302,5.563030752,6.149634008,1
-0.448594252,0.449714054,4.896366193,15.46457504,-5.630455609,1
-3.722748977,-5.241305284,1.898399696,2.258802237,5.213321898,1
1.6377246,3.550930687,7.672219444,-4.530897582,3.405702642,0
0.866257744,9.35913034,3.804985225,-4.133846828,8.629074562,0
0.040100505,-7.865190593,8.641690379,-0.740280992,0.606275436,1
-0.901193757,2.294028557,6.789607836,-6.984274525,2.934162119,0
3.322152381,2.620922908,4.602521435,0.310849512,3.521860215,0
3.257235003,0.9412558,-3.722317534,10.68296217,12.01713266,1
-5.909850217,11.0122595,-8.825873422,-2.228504026,13.83530385,0
-5.997162021,-5.794638122,-0.622983465,2.718674227,9.743028824,1
-4.083990155,-8.148654007,4.10918756,3.58640612,4.349000774,1
2.861300257,4.50919965,8.992729575,-6.668068557,3.669800278,0
1.638844615,7.815677049,2.81273765,-11.80181141,8.313920017,0
5.064673159,-5.806657332,11.31413398,3.803038609,3.780178412,1
3.700937685,-3.421790726,6.914350633,5.035469773,8.02306029,1
8.899352958,5.505658416,7.057294472,-4.738825827,4.93924566,0
7.954201124,2.246586326,7.58602205,8.652673911,0.352316174,1
0.88855684,9.209866897,-4.740875058,-8.500200643,11.29414065,0
9.887882905,-4.178785108,12.8576579,1.373405797,-1.108871309,1
2.286838816,5.488388212,1.905208011,-5.14087397,6.531868761,0
-2.760395304,3.224439324,-0.453991469,-3.390130845,5.779015918,0
3.485030029,-0.965199422,-2.371420666,13.58630868,6.193647361,1
6.143690935,9.922794737,1.048264671,-2.781603025,9.852197362,0
8.972044053,-1.264996742,11.68710375,6.886503723,3.879486945,1
-1.340397777,4.2850365,3.989985448,12.07585743,5.060413401,1
-2.07646906,9.373841747,7.636657096,-7.195157005,7.647189154,0
1.287441342,0.689942688,14.08297098,-2.870557013,-0.440624082,0
3.474592211,4.003998614,6.231765922,-4.004088642,4.106075241,0
7.850385853,-7.08704212,3.418124723,4.835167217,3.316333587,1
-0.228613313,1.888082012,10.32324994,7.859408529,5.235455811,1
2.066183845,-12.80191179,4.297037812,-3.098397525,6.471994467,1
9.86162368,8.799710695,2.701720617,-6.276737116,8.492267604,0
-5.07885757,-9.672715867,2.271832574,2.459847624,2.036970211,1
5.075808827,8.700953974,7.163705832,-9.538152389,7.508658571,0
-0.15346703,-1.863019721,11.13652515,2.430359188,-1.690578836,0
1.159117071,7.017125115,6.244486889,-6.286716006,6.414085623,0
-0.782695106,-5.644744148,9.518984161,2.746767358,2.800558676,1
0.986179455,0.144804402,15.0660389,1.267144879,-1.480539515,0
6.756304965,0.735151639,3.562905858,7.428795809,3.451493494,1
-4.829359993,9.309987308,0.472874922,-6.748622782,9.968290271,0
5.66179231,-8.581313223,3.600394173,5.68589135,7.648113477,1
-4.350457465,0.28881233,0.536492459,11.69454181,9.418741214,1
-0.673890732,-3.923789185,11.82005235,-1.793427979,-3.299168354,0
-6.077138305,11.14953981,1.384177697,-4.056227014,10.80808737,0
-0.630084006,11.66579195,-8.760001637,-6.85065065,14.09887159,0
-5.26686137,9.883346452,-1.393280267,-7.471083625,10.78559147,0
0.520156355,-2.568603519,-5.11310281,7.661839053,11.52479861,1
5.68413153,-13.67678496,7.64603474,-1.947771044,5.207642175,1
-2.622799041,-0.505884405,5.365721456,0.365543314,1.403270129,0
-5.955074336,6.894422215,8.045168034,-3.402878233,5.825169218,0
3.18184122,1.760145776,9.227410382,-4.871237951,1.657779892,0
11.86179874,1.801162537,20.82549932,-2.060411361,-1.848477926,0
3.897423562,9.973647801,7.795014866,18.1251697,1.323687243,1
-1.136640353,-5.96129167,11.96972809,6.461195861,-0.536296837,1
3.702506012,3.230168127,6.795634802,-2.763736427,3.403106969,0
-0.378270337,7.221367759,-2.139592048,-1.339157597,9.055688825,0
10.58568323,-10.54119106,7.741370623,-3.283614096,-1.530774741,1
-4.038586165,-6.313041553,-7.988797743,10.72126788,7.248369311,1
-1.721196005,3.856299353,10.96323748,9.357931476,8.310320063,1
-1.150609553,-6.123170761,-2.742566671,7.740957209,7.76918402,1
-0.272825052,0.329405645,4.021284636,1.06325762,2.071505894,0
-1.6340605,-1.252488556,13.91399193,3.680793502,4.893430259,0
2.931773948,6.332731615,3.029244516,-3.199152538,6.814117934,0
4.090188427,6.4615911,6.021121001,-2.56176047,6.205640079,0
-1.502689375,11.09060582,3.64418186,-7.228127375,10.03142033,0
-6.990253498,4.012974983,7.973888701,-1.836709942,3.66720516,0
2.74185036,-11.33238857,9.746760141,-6.978938988,10.22629784,1
0.431399516,7.41058813,8.583519931,11.38373842,2.346020822,1
8.545107142,9.606076976,-3.316278067,-0.466832197,11.0185372,0
13.21928754,-2.233662689,14.02215445,-2.360401546,-2.66780805,0
8.223650724,8.92870539,1.300846669,-3.721024756,9.265573074,0
0.489027462,-0.982170653,14.22422652,0.099438988,-1.906038139,0
-6.662561498,-11.05747099,10.27708791,-0.375555383,-0.986890435,1
0.598639955,5.899721816,5.113823914,0.018298799,5.708891854,0
-11.32479257,-5.24817625,5.552579214,6.510557791,10.66318849,1
3.696380351,4.091633119,9.93703484,-4.825738409,3.268627028,0
8.316565523,3.460672062,0.631121244,-2.688188793,5.497997724,0
-0.95486464,12.15269207,-1.257089872,-11.37397787,12.50368909,0
12.62210264,5.204143149,4.288707181,-6.821802692,5.635359786,0
1.35294259,-7.165454876,11.99852783,1.799599643,2.672417388,1
3.402293813,1.195918482,7.355882836,-7.368106376,2.038578273,0
3.104729566,-2.601656565,-0.134914896,12.00943387,3.36080906,1
-4.546161755,2.772352312,8.430192371,-4.499412776,2.711444844,0
-5.823829751,3.450845346,3.609930281,-4.494926988,4.326999266,0
4.445705865,4.335721837,4.53108455,-1.154927744,4.886372484,0
2.0465862,1.504435637,11.15812308,-0.379518514,0.797354529,0
-2.812452384,1.639701691,2.995994559,11.43520146,6.739594226,1
-0.299872205,14.68016978,-9.361621357,-7.953700924,16.54672891,0
-1.468940452,0.611082846,-0.690517193,13.76690924,1.748267738,1
3.941017001,-12.31037017,4.226738172,3.346691882,2.065727505,1
-2.909524717,-0.629015213,6.456387967,-2.564131037,0.98421535,0
5.310121601,7.022500394,4.210427786,-7.243465182,6.955086337,0
-6.377918594,13.35813934,-3.13300952,-9.243897696,13.76086301,0
-3.952691005,10.36756566,-2.04843044,-5.447275317,11.19260645,0
8.476587776,-1.090215066,10.74595395,-1.041474392,-0.834882354,0
3.942707629,0.796170708,8.678967545,-5.599382491,1.131155528,0
-4.613012244,6.948554026,4.248421602,-5.414784393,7.046946195,0
1.749380913,9.624201919,3.90151099,-7.563281401,8.874204587,0
1.127463485,-3.253865685,17.67236337,2.183211566,-4.446744905,0
-3.924401661,11.1288906,2.966382142,-6.328017827,10.33697959,0
-0.731152217,-3.7693471,4.675634814,5.101342799,4.159384195,1
-3.343138611,1.966882428,6.149041415,-4.519535925,2.938227461,0
6.910737285,13.97586141,-5.054002418,-12.93161178,15.17162996,0
-5.62244482,0.028317336,17.15330688,3.199199629,0.036254364,1
2.874212816,5.863399955,11.99931913,12.48954274,-0.310790744,1
3.755353835,-9.553697767,-3.348553922,3.146409462,4.060657262,1
-3.257346001,9.924545632,-4.64444223,-6.357322633,11.87711628,0
-5.516602351,3.512457389,7.381295545,-4.802952533,3.630177445,0
-1.307815579,-10.54844669,1.64351352,4.855551565,4.620514628,1
-2.607778562,-3.205034594,4.230035877,6.793788829,6.760063464,1
6.486915013,1.317956178,13.17774742,-1.627985785,0.229847792,0
4.720607422,1.857336683,6.746727576,9.711761268,7.78705729,1
2.636597059,2.475982274,5.354068384,-0.109630251,3.295580489,0
-1.192134626,10.70670102,-1.445707408,-7.134512608,11.02036828,0
-4.987495807,6.776842075,2.674711491,-5.232089747,7.174826502,0
4.003753115,5.756144817,4.527175482,-5.802889538,6.082917911,0
-5.538782105,8.310582899,-0.87728501,-2.017113963,9.446338903,0
-2.797166543,1.714084931,12.25408286,-5.947435832,0.588216344,0
-1.743410172,-0.811092536,7.741603612,-2.486477325,0.213874953,0
0.370133471,-5.367898304,16.55429956,-0.422533546,-5.700802583,0
-3.229554597,2.733618213,2.270248645,-3.365432742,4.322540886,0
6.026505211,3.192505667,0.097014168,17.42891202,-0.268206504,1
-3.337359135,-4.733886671,4.964169828,6.331574968,5.888608446,1
-8.239692879,11.34611268,-0.775227074,-0.093599976,11.41503271,0
0.665580138,5.469128894,1.314868095,-6.38641561,6.683482344,0
4.080085297,-7.346432332,5.51559161,3.126705408,7.839794151,1
0.407931765,4.742813525,2.718422158,-3.166840117,5.86065723,0
3.647003497,-13.1775037,2.707751828,-1.855385111,5.536677106,1
-0.789008046,9.298016851,6.04892006,-6.559284931,7.844565177,0
2.706451288,3.493677726,8.712088744,-5.039137362,3.148341623,0
-8.259798476,-1.525269588,10.33519894,3.86923907,1.743791389,1
10.16013575,13.91699278,-1.772844777,-7.367317914,13.92987458,0
-4.080157478,8.623417242,3.126307739,-4.434967665,8.610995946,0
-7.348012849,9.845968346,-0.143923343,-7.129109126,10.31110659,0
7.574546111,0.485376425,3.164378114,10.25036918,6.401351761,1
-5.209285569,0.677287554,2.941580274,-0.69161522,2.903839092,0
-7.78032069,-4.277274248,9.021835043,7.96022749,4.062070074,1
-8.26000607,-7.033316907,5.797512799,3.440779984,2.228676328,1
1.518569846,7.587996866,-2.895547611,-4.42767886,9.689853827,0
3.312388212,4.914269377,7.75068854,-6.587585286,4.356513831,0
-0.324414798,0.887245837,7.388117718,9.508671263,6.912499339,1
-7.087697186,8.199136715,-3.40420479,-3.816138362,10.02953074,0
-6.278775075,-4.539629344,13.4936592,-2.76714693,11.67127601,1
1.661329432,-11.14466731,7.345225746,0.89046604,7.88973447,1
-0.302231742,2.545744726,12.54594253,-5.831958024,1.077441863,0
-1.979492635,-12.21115707,4.571592603,-0.722021133,5.845500608,1
-4.555772764,-0.419113617,12.64141163,4.213066514,6.79090247,1
3.107233684,1.773300896,12.4521687,-3.764210586,0.54268608,0
-0.702999813,1.525343618,14.36837395,6.221295377,1.846564082,1
-1.213451951,-3.472780955,2.840562382,8.890975316,8.352967058,1
3.670294911,8.796576118,-1.330882487,-7.723502231,10.23944621,0
10.24627156,1.285956699,-2.974412268,13.61840733,2.395304086,1
2.749397027,3.412246331,8.782261929,7.312805852,4.992261541,1
-2.293686162,8.560924248,1.313115644,-7.201053922,9.154965789,0
-2.219440778,8.598715325,5.284500142,-8.572582929,7.856029005,0
-5.004209119,16.30576653,-2.837512305,-8.215032962,16.02729141,0
0.55354938,1.578456305,11.26368152,8.786760679,2.762411132,1
-0.422813854,2.620196369,2.861010217,-7.071063333,4.536872525,0
-0.49211053,-11.86271421,-3.85789236,3.945055344,12.30966018,1
-1.539911814,3.271449334,0.419680782,-8.031466554,5.425235771,0
1.490803821,13.7059085,2.94473882,-10.49266336,12.18473805,0
2.999550213,16.633907,-4.422739065,-7.954582271,16.44586678,1
1.989966813,3.565144316,11.31450552,-1.698017821,2.271990521,0
3.112336462,-6.566853839,4.836369792,-0.430083831,10.87228815,1
-0.023549993,0.785460855,10.11875778,-1.544044124,0.757261996,0
-6.09554825,-13.26253829,3.998005971,0.215519112,5.162065827,1
-1.767627845,-3.433488342,0.175052224,8.906282363,8.509199691,1
5.230644594,11.04771481,8.259043751,-8.256266586,8.520687596,0
-3.239177586,-5.549868515,-0.947506946,4.865664663,7.460663532,1
3.13563092,0.458818648,9.75416102,-2.386504291,0.394923536,0
3.391170986,17.90448975,4.61198506,-8.387910057,14.59962091,0
2.023677048,-8.863086241,5.258499961,6.354543375,7.763731198,1
-0.910066129,-3.2159811,5.546542815,8.770504934,-0.707850713,1
1.951942496,-1.984452255,18.01392126,2.667708582,2.365281465,1
-0.607668827,1.514536083,13.99360235,-6.666226843,0.163440317,0
6.957347934,-0.431919323,11.3598966,-3.313246845,-0.341270471,0
-4.552727484,-6.550570748,3.273283924,-0.572880071,7.46099576,1
3.226083002,-2.622545358,12.60576951,2.522765073,7.046546581,1
-0.051567766,-8.261681582,6.813746921,0.960403425,6.943195053,1
-0.367965497,1.037380003,9.093301681,0.85487772,0.983542485,0
-4.522347365,8.650795508,5.423107225,-3.297813569,7.718034659,0
-5.620725851,5.025196445,12.69885862,-0.999662635,2.926963421,0
11.73338081,3.985247837,8.27089851,-3.517516797,3.610990968,0
3.287672908,-15.13807879,5.263059466,-0.34344451,5.317054398,1
3.528728904,7.294152047,7.34742262,-5.262942917,6.091429775,0
5.310868579,-1.2079371,3.561280697,6.178908159,7.576285669,1
-0.061378634,3.118031319,7.465749561,12.36065669,5.687796262,1
10.0405499,-6.965450126,7.361354113,9.10888615,0.1567094,1
-5.460440527,2.143456366,4.860661144,-5.65841088,3.37911072,0
0.13502,-10.51023613,6.588781747,0.688608262,11.87220736,1
-0.821858616,-5.774514056,8.413835539,1.409520025,4.38546688,1
-8.377933358,6.229560611,9.2179691,-2.002517854,4.684288873,0
-1.438112482,4.64869075,0.066010303,-2.191213333,6.524775674,0
-6.409665328,10.68007779,0.550252854,-4.605870134,10.78304306,0
6.298614478,-0.189968439,2.349468088,10.2859865,8.566585964,1
-3.865583899,-7.410569106,4.710183857,6.003446467,2.414744014,1
0.019060683,6.957066858,3.332834271,20.1999268,4.824883891,1
-2.845802939,10.34477193,5.066082146,-6.552296961,9.286674556,0
2.894126593,-2.587891196,15.05081713,0.88360805,4.594881397,1
-11.20811043,4.845544936,7.332159812,-5.801776841,4.565782205,0
2.48847165,1.314883434,7.721691563,-4.728883649,1.744196942,0
-3.340775533,2.040991784,8.787412078,11.47660582,5.2581018,1
-3.489599321,0.172291985,4.700607001,11.52872485,4.132341603,1
8.992228598,8.496723545,2.612531191,-4.384131177,8.670238611,0
9.555850725,-8.046420316,3.930370328,2.800361359,2.480395271,1
0.081381648,-5.273930206,15.60763948,2.972180557,5.644707015,1
0.100435586,-8.174300429,5.351963887,0.491137982,5.886576386,1
1.697581476,-0.518637569,0.533868999,11.18088646,0.196443496,1
10.77411353,3.479543188,1.012354409,15.44559567,4.715456491,1
1.36231443,4.018907089,15.34698664,-3.830079208,1.464914235,0
-11.04899376,6.139309044,6.877815724,-4.185472539,5.645072329,0
-1.799074381,2.08050163,4.236596839,2.676431578,3.254778308,0
-2.842547243,-6.241383258,-4.693543736,8.296195724,7.413051052,1
3.821249382,0.10144373,15.57911963,-1.554606822,-1.39177784,0
1.990239265,-7.220760333,9.372007411,3.528451746,5.197289366,1
-8.290943104,-5.111210732,6.461370939,3.432186467,10.10848561,1
0.931258266,8.293465367,9.027902176,-5.633602343,6.372848445,0
2.320014197,-1.938325479,2.841856047,8.350827461,3.374928354,1
6.078106741,3.285432614,2.70675147,11.50789077,8.777088131,1
-12.09886167,14.16600269,-7.09132468,-9.390503739,15.65393455,0
-5.917825244,3.399892082,18.29738274,0.17175715,-0.201234163,0
-10.08549909,3.49142395,5.840487303,-7.240848063,4.314635752,0
-3.848664731,-0.189216629,7.002084572,6.290683742,9.292151145,1
3.561683944,3.762390146,-2.30976493,-2.891279091,6.713389035,0
-0.417527503,0.634532208,7.693044352,-4.60082587,1.343262921,0
-1.651337135,6.011106246,-1.172926381,-3.104195786,7.811861766,0
10.12640982,2.073393515,7.18266069,11.36305346,2.847754823,1
7.58141595,-2.684279627,4.205921601,12.27924979,-2.758633522,1
2.34388983,-12.57892114,10.26948218,-4.5366345,0.343909422,1
3.06635552,-4.829988653,13.98355563,-2.125697768,5.930741804,1
-3.1429275,-5.986506213,5.265003159,4.326166652,0.970583157,1
10.08268565,-9.988619839,10.6752757,-3.917951238,8.883420473,1
-5.651267848,-5.637774959,9.059519769,1.887444078,7.087883531,1
1.975785318,-4.468041522,7.063273034,4.437510683,5.27869383,1
0.948025849,13.47478641,6.054190247,-9.900038929,11.10042111,0
4.683390857,-12.21308752,-2.11424057,3.056910631,5.083001176,1
-1.344880599,11.70021325,-0.138878147,-7.851647729,11.67205439,0
3.545547062,3.691508898,14.69091064,-6.085703443,1.440590728,0
8.849164846,-1.407901951,20.8527337,0.245414389,5.955882288,1
-9.125954034,0.205636098,5.86241078,6.247480449,6.699482941,1
0.018614545,-15.2554121,7.604625721,-4.372421397,8.922267336,1
4.035557523,-5.845715022,2.350028989,9.758854579,11.70646588,1
0.349723101,-10.28392865,-1.227279068,6.124386974,1.805728297,1
-1.061490667,1.044823962,16.15568229,-8.79822802,-0.881288933,0
-3.993386889,-9.102233601,9.26983666,0.687327059,10.20376464,1
3.669524864,2.164283918,10.15187745,-1.98644184,1.685718188,0
1.00189487,-2.557770783,5.304310375,5.891053843,6.897683213,1
2.005148867,6.03204878,-5.16012977,-7.62198821,9.138033465,0
4.149577974,5.914674884,9.802263452,-5.582627696,4.42991344,0
-4.415231982,-1.010258836,2.692715458,2.436021526,1.584777683,0
5.29062684,4.587921631,4.607114321,10.16120048,4.496489002,1
-1.700448511,0.583202887,13.39202942,7.542531736,6.811402136,1
5.283667927,-0.586978729,0.716128058,6.96643086,4.273566836,1
1.788380457,3.257093109,8.188322016,-1.114809685,3.080662244,0
1.291605945,11.03841256,1.766542774,-7.936839801,10.72580309,0
0.682197825,13.47111987,4.645947459,-9.469971683,11.70533522,0
-2.960195047,-3.140514276,7.567563865,4.698469169,4.663284707,1
-0.113119032,17.35247049,-9.403852432,-8.788530409,18.27017881,0
1.711650479,12.3540993,3.659537298,-2.572194239,10.77431212,0
10.21714436,-1.236599254,4.985774829,10.59987937,1.35306538,1
-0.484454546,-7.394369463,3.498042729,5.348743158,4.906592296,1
3.573560883,-7.326442621,10.29594394,-0.244931231,7.782861353,1
4.073182822,5.852714983,-5.638093655,-6.21642515,9.235058637,0
6.692580314,-7.904167403,2.955057009,3.982685989,5.270057804,1
-1.292644025,-3.035819881,9.190532567,5.168262377,4.848144954,1
5.39455607,11.01641807,-12.2748896,-4.607877594,14.79437922,0
-5.61535711,2.955063832,24.342184,-5.830777536,-2.030883513,0
2.124782603,-1.940153394,7.701743841,7.9497856,5.841645895,1
-4.741149879,-5.591530228,3.68557137,5.012959561,-0.156359053,1
2.275393655,-8.471925171,0.91173474,5.221386812,3.555001705,1
5.810848904,-5.939096066,4.181972513,5.872154124,2.73445589,1
-0.696552016,3.421999824,6.937463931,-5.106035483,3.795647663,0
-5.390711602,10.33104497,-2.546043619,-6.693770087,11.49352157,0
1.479286614,-2.138640919,5.537666253,10.53746402,4.624510495,1
-1.978441289,10.41360737,-0.308221712,-5.553386775,10.95936798,0
0.855028908,0.118290262,17.0599869,-8.008875847,-1.54878313,0
2.140990454,-9.281135675,6.209730416,1.778603722,7.416544562,1
4.589987271,-8.23600148,-1.87869495,10.50917394,-2.006579193,1
-0.194038943,-10.77083583,10.72970916,-2.314843914,8.732531729,1
-3.060006258,5.883899135,1.905191729,-5.129199889,6.676779846,0
-5.052836213,8.682440744,-0.550341967,-2.10994781,9.31658086,1
5.173460185,4.182453227,-4.224761372,-2.90273636,7.494985283,0
15.37667324,4.267457163,7.638966284,-6.206374351,3.744295258,0
-6.949840016,1.168973445,6.802309217,5.069245317,10.24681854,1
-5.245986005,0.328946416,8.421131223,6.434236991,5.244011058,1
-6.940165109,3.262490714,-0.248287375,-3.871691591,5.636092087,0
6.47409752,9.696612276,-0.567344434,-6.892917966,10.30871217,0
-1.87926524,-11.51119025,13.11795922,-3.692273244,6.562370874,1
6.696190561,15.32052648,-3.046062209,-7.23487921,14.98732654,0
-7.44545387,9.753347005,1.847200633,-4.438101495,9.690065431,0
-2.269600184,10.74759637,-0.959237243,-1.983108678,11.17341855,0
0.343927313,-3.240315933,8.545334651,5.516866345,9.722951618,1
-2.248261572,-4.619586439,3.248759514,9.114542933,4.370790316,1
7.882329658,1.942559059,13.30459707,-2.682707096,0.623443959,0
14.42181229,-10.68889083,5.242770808,-2.954794354,11.6896583,1
5.566459121,-4.118761813,3.670333159,7.948329376,10.94014358,1
0.861632667,-10.22243978,11.60653265,-0.388556573,4.041448202,1
